{
    "swagger": "2.0",
    "info": {
        "description": "This API Handle Dentistas, Pacientes y Turnos.",
        "title": "Desafio2BackendIII",
        "termsOfService": "https://developers.ctd.com.ar/es_ar/terminos-y-condiciones",
        "contact": {
            "name": "Alvaro Sanchez P",
            "url": "https://github.com/alvarosanchez10",
            "email": "alvisanchezp10@gmail.com"
        },
        "license": {
            "name": "Apache 2.0",
            "url": "http://www.apache.org/licenses/LICENSE-2.0.html"
        },
        "version": "1.0"
    },
    "paths": {
        "/dentistas": {
            "post": {
                "description": "Create a new dentista in repository",
                "produces": [
                    "application/json"
                ],
                "tags": [
                    "Dentistas"
                ],
                "summary": "Create dentista",
                "parameters": [
                    {
                        "type": "string",
                        "description": "token",
                        "name": "token",
                        "in": "header",
                        "required": true
                    },
                    {
                        "description": "Dentista",
                        "name": "body",
                        "in": "body",
                        "required": true,
                        "schema": {
                            "$ref": "#/definitions/domain.Dentista"
                        }
                    }
                ],
                "responses": {
                    "201": {
                        "description": "Created",
                        "schema": {
                            "$ref": "#/definitions/domain.Dentista"
                        }
                    },
                    "400": {
                        "description": "Bad Request",
                        "schema": {
                            "$ref": "#/definitions/web.errorResponse"
                        }
                    },
                    "404": {
                        "description": "Not Found",
                        "schema": {
                            "$ref": "#/definitions/web.errorResponse"
                        }
                    }
                }
            }
        },
        "/dentistas/{id}": {
            "get": {
                "description": "Get dentista by id",
                "produces": [
                    "application/json"
                ],
                "tags": [
                    "Dentistas"
                ],
                "summary": "Get dentista by id",
                "parameters": [
                    {
                        "type": "integer",
                        "description": "Dentista ID",
                        "name": "id",
                        "in": "path",
                        "required": true
                    }
                ],
                "responses": {
                    "200": {
                        "description": "OK",
                        "schema": {
                            "$ref": "#/definitions/domain.Dentista"
                        }
                    },
                    "400": {
                        "description": "Bad Request",
                        "schema": {
                            "$ref": "#/definitions/web.errorResponse"
                        }
                    },
                    "404": {
                        "description": "Not Found",
                        "schema": {
                            "$ref": "#/definitions/web.errorResponse"
                        }
                    }
                }
            },
            "put": {
                "description": "Update dentista in repository",
                "produces": [
                    "application/json"
                ],
                "tags": [
                    "Dentistas"
                ],
                "summary": "Update dentista",
                "parameters": [
                    {
                        "type": "integer",
                        "description": "Dentista ID",
                        "name": "id",
                        "in": "path",
                        "required": true
                    },
                    {
                        "type": "string",
                        "description": "token",
                        "name": "token",
                        "in": "header",
                        "required": true
                    },
                    {
                        "description": "Dentista",
                        "name": "body",
                        "in": "body",
                        "required": true,
                        "schema": {
                            "$ref": "#/definitions/domain.Dentista"
                        }
                    }
                ],
                "responses": {
                    "200": {
                        "description": "OK",
                        "schema": {
                            "$ref": "#/definitions/domain.Dentista"
                        }
                    },
                    "400": {
                        "description": "Bad Request",
                        "schema": {
                            "$ref": "#/definitions/web.errorResponse"
                        }
                    },
                    "404": {
                        "description": "Not Found",
                        "schema": {
                            "$ref": "#/definitions/web.errorResponse"
                        }
                    }
                }
            },
            "delete": {
                "description": "Delete dentista in repository",
                "produces": [
                    "application/json"
                ],
                "tags": [
                    "Dentistas"
                ],
                "summary": "Delete dentista",
                "parameters": [
                    {
                        "type": "integer",
                        "description": "Dentista ID",
                        "name": "id",
                        "in": "path",
                        "required": true
                    },
                    {
                        "type": "string",
                        "description": "token",
                        "name": "token",
                        "in": "header",
                        "required": true
                    }
                ],
                "responses": {
                    "204": {
                        "description": "No Content"
                    },
                    "400": {
                        "description": "Bad Request",
                        "schema": {
                            "$ref": "#/definitions/web.errorResponse"
                        }
                    },
                    "404": {
                        "description": "Not Found",
                        "schema": {
                            "$ref": "#/definitions/web.errorResponse"
                        }
                    }
                }
            },
            "patch": {
                "description": "Modify dentista fields in repository",
                "produces": [
                    "application/json"
                ],
                "tags": [
                    "Dentistas"
                ],
                "summary": "Modify dentista fields",
                "parameters": [
                    {
                        "type": "integer",
                        "description": "Dentista ID",
                        "name": "id",
                        "in": "path",
                        "required": true
                    },
                    {
                        "type": "string",
                        "description": "token",
                        "name": "token",
                        "in": "header",
                        "required": true
                    },
                    {
                        "description": "RequestDentista",
                        "name": "body",
                        "in": "body",
                        "required": true,
                        "schema": {
                            "$ref": "#/definitions/domain.RequestDentista"
                        }
                    }
                ],
                "responses": {
                    "200": {
                        "description": "OK",
                        "schema": {
                            "$ref": "#/definitions/domain.Dentista"
                        }
                    },
                    "400": {
                        "description": "Bad Request",
                        "schema": {
                            "$ref": "#/definitions/web.errorResponse"
                        }
                    },
                    "404": {
                        "description": "Not Found",
                        "schema": {
                            "$ref": "#/definitions/web.errorResponse"
                        }
                    }
                }
            }
        },
        "/pacientes": {
            "post": {
                "description": "Create a new paciente in repository",
                "produces": [
                    "application/json"
                ],
                "tags": [
                    "Pacientes"
                ],
                "summary": "Create paciente",
                "parameters": [
                    {
                        "type": "string",
                        "description": "token",
                        "name": "token",
                        "in": "header",
                        "required": true
                    },
                    {
                        "description": "Paciente",
                        "name": "body",
                        "in": "body",
                        "required": true,
                        "schema": {
                            "$ref": "#/definitions/domain.Paciente"
                        }
                    }
                ],
                "responses": {
                    "201": {
                        "description": "Created",
                        "schema": {
                            "$ref": "#/definitions/domain.Paciente"
                        }
                    },
                    "400": {
                        "description": "Bad Request",
                        "schema": {
                            "$ref": "#/definitions/web.errorResponse"
                        }
                    },
                    "404": {
                        "description": "Not Found",
                        "schema": {
                            "$ref": "#/definitions/web.errorResponse"
                        }
                    }
                }
            }
        },
        "/pacientes/{id}": {
            "get": {
                "description": "Get paciente by id",
                "produces": [
                    "application/json"
                ],
                "tags": [
                    "Pacientes"
                ],
                "summary": "Get paciente by id",
                "parameters": [
                    {
                        "type": "integer",
                        "description": "Paciente ID",
                        "name": "id",
                        "in": "path",
                        "required": true
                    }
                ],
                "responses": {
                    "200": {
                        "description": "OK",
                        "schema": {
                            "$ref": "#/definitions/domain.Paciente"
                        }
                    },
                    "400": {
                        "description": "Bad Request",
                        "schema": {
                            "$ref": "#/definitions/web.errorResponse"
                        }
                    },
                    "404": {
                        "description": "Not Found",
                        "schema": {
                            "$ref": "#/definitions/web.errorResponse"
                        }
                    }
                }
            },
            "put": {
                "description": "Update paciente in repository",
                "produces": [
                    "application/json"
                ],
                "tags": [
                    "Pacientes"
                ],
                "summary": "Update paciente",
                "parameters": [
                    {
                        "type": "integer",
                        "description": "Paciente ID",
                        "name": "id",
                        "in": "path",
                        "required": true
                    },
                    {
                        "type": "string",
                        "description": "token",
                        "name": "token",
                        "in": "header",
                        "required": true
                    },
                    {
                        "description": "Paciente",
                        "name": "body",
                        "in": "body",
                        "required": true,
                        "schema": {
                            "$ref": "#/definitions/domain.Paciente"
                        }
                    }
                ],
                "responses": {
                    "200": {
                        "description": "OK",
                        "schema": {
                            "$ref": "#/definitions/domain.Paciente"
                        }
                    },
                    "400": {
                        "description": "Bad Request",
                        "schema": {
                            "$ref": "#/definitions/web.errorResponse"
                        }
                    },
                    "404": {
                        "description": "Not Found",
                        "schema": {
                            "$ref": "#/definitions/web.errorResponse"
                        }
                    }
                }
            },
            "delete": {
                "description": "Delete paciente in repository",
                "produces": [
                    "application/json"
                ],
                "tags": [
                    "Pacientes"
                ],
                "summary": "Delete paciente",
                "parameters": [
                    {
                        "type": "integer",
                        "description": "Paciente ID",
                        "name": "id",
                        "in": "path",
                        "required": true
                    },
                    {
                        "type": "string",
                        "description": "token",
                        "name": "token",
                        "in": "header",
                        "required": true
                    }
                ],
                "responses": {
                    "204": {
                        "description": "No Content"
                    },
                    "400": {
                        "description": "Bad Request",
                        "schema": {
                            "$ref": "#/definitions/web.errorResponse"
                        }
                    },
                    "404": {
                        "description": "Not Found",
                        "schema": {
                            "$ref": "#/definitions/web.errorResponse"
                        }
                    }
                }
            },
            "patch": {
                "description": "Modify paciente fields in repository",
                "produces": [
                    "application/json"
                ],
                "tags": [
                    "Pacientes"
                ],
                "summary": "Modify paciente fields",
                "parameters": [
                    {
                        "type": "integer",
                        "description": "Paciente ID",
                        "name": "id",
                        "in": "path",
                        "required": true
                    },
                    {
                        "type": "string",
                        "description": "token",
                        "name": "token",
                        "in": "header",
                        "required": true
                    },
                    {
                        "description": "RequestPaciente",
                        "name": "body",
                        "in": "body",
                        "required": true,
                        "schema": {
                            "$ref": "#/definitions/domain.RequestPaciente"
                        }
                    }
                ],
                "responses": {
                    "200": {
                        "description": "OK",
                        "schema": {
                            "$ref": "#/definitions/domain.Paciente"
                        }
                    },
                    "400": {
                        "description": "Bad Request",
                        "schema": {
                            "$ref": "#/definitions/web.errorResponse"
                        }
                    },
                    "404": {
                        "description": "Not Found",
                        "schema": {
                            "$ref": "#/definitions/web.errorResponse"
                        }
                    }
                }
            }
        },
        "/turnos": {
            "get": {
                "description": "Get turnos by paciente dni",
                "produces": [
                    "application/json"
                ],
                "tags": [
                    "Turnos"
                ],
                "summary": "Get turnos by dni",
                "parameters": [
                    {
                        "type": "integer",
                        "description": "Paciente dni",
                        "name": "dni",
                        "in": "query",
                        "required": true
                    }
                ],
                "responses": {
                    "200": {
                        "description": "OK",
                        "schema": {
                            "type": "array",
                            "items": {
                                "$ref": "#/definitions/domain.Turno"
                            }
                        }
                    },
                    "400": {
                        "description": "Bad Request",
                        "schema": {
                            "$ref": "#/definitions/web.errorResponse"
                        }
                    },
                    "404": {
                        "description": "Not Found",
                        "schema": {
                            "$ref": "#/definitions/web.errorResponse"
                        }
                    }
                }
            },
            "post": {
                "description": "Create a new turno in repository",
                "produces": [
                    "application/json"
                ],
                "tags": [
                    "Turnos"
                ],
                "summary": "Create turno",
                "parameters": [
                    {
                        "type": "string",
                        "description": "token",
                        "name": "token",
                        "in": "header",
                        "required": true
                    },
                    {
                        "description": "TurnoWithIds",
                        "name": "body",
                        "in": "body",
                        "required": true,
                        "schema": {
                            "$ref": "#/definitions/domain.TurnoWithIds"
                        }
                    }
                ],
                "responses": {
                    "201": {
                        "description": "Created",
                        "schema": {
                            "$ref": "#/definitions/domain.TurnoWithIds"
                        }
                    },
                    "400": {
                        "description": "Bad Request",
                        "schema": {
                            "$ref": "#/definitions/web.errorResponse"
                        }
                    },
                    "404": {
                        "description": "Not Found",
                        "schema": {
                            "$ref": "#/definitions/web.errorResponse"
                        }
                    }
                }
            }
        },
        "/turnos/dniymatricula": {
            "post": {
                "description": "Create a new turno in repository",
                "produces": [
                    "application/json"
                ],
                "tags": [
                    "Turnos"
                ],
                "summary": "Create turno by paciente dni and dentista matricula",
                "parameters": [
                    {
                        "type": "string",
                        "description": "token",
                        "name": "token",
                        "in": "header",
                        "required": true
                    },
                    {
                        "type": "integer",
                        "description": "Paciente dni",
                        "name": "dni",
                        "in": "query",
                        "required": true
                    },
                    {
                        "type": "string",
                        "description": "Dentista matricula",
                        "name": "matricula",
                        "in": "query",
                        "required": true
                    },
                    {
                        "description": "TurnoForDNIAndLicense",
                        "name": "body",
                        "in": "body",
                        "required": true,
                        "schema": {
                            "$ref": "#/definitions/domain.TurnoForDNIAndLicense"
                        }
                    }
                ],
                "responses": {
                    "201": {
                        "description": "Created",
                        "schema": {
                            "$ref": "#/definitions/domain.TurnoWithIds"
                        }
                    },
                    "400": {
                        "description": "Bad Request",
                        "schema": {
                            "$ref": "#/definitions/web.errorResponse"
                        }
                    },
                    "404": {
                        "description": "Not Found",
                        "schema": {
                            "$ref": "#/definitions/web.errorResponse"
                        }
                    }
                }
            }
        },
        "/turnos/{id}": {
            "get": {
                "description": "Get turno by id",
                "produces": [
                    "application/json"
                ],
                "tags": [
                    "Turnos"
                ],
                "summary": "Get turno by id",
                "parameters": [
                    {
                        "type": "integer",
                        "description": "Turno ID",
                        "name": "id",
                        "in": "path",
                        "required": true
                    }
                ],
                "responses": {
                    "200": {
                        "description": "OK",
                        "schema": {
                            "$ref": "#/definitions/domain.Turno"
                        }
                    },
                    "400": {
                        "description": "Bad Request",
                        "schema": {
                            "$ref": "#/definitions/web.errorResponse"
                        }
                    },
                    "404": {
                        "description": "Not Found",
                        "schema": {
                            "$ref": "#/definitions/web.errorResponse"
                        }
                    }
                }
            },
            "put": {
                "description": "Update turno in repository",
                "produces": [
                    "application/json"
                ],
                "tags": [
                    "Turnos"
                ],
                "summary": "Update turno",
                "parameters": [
                    {
                        "type": "integer",
                        "description": "Turno ID",
                        "name": "id",
                        "in": "path",
                        "required": true
                    },
                    {
                        "type": "string",
                        "description": "token",
                        "name": "token",
                        "in": "header",
                        "required": true
                    },
                    {
                        "description": "TurnoWithIds",
                        "name": "body",
                        "in": "body",
                        "required": true,
                        "schema": {
                            "$ref": "#/definitions/domain.TurnoWithIds"
                        }
                    }
                ],
                "responses": {
                    "200": {
                        "description": "OK",
                        "schema": {
                            "$ref": "#/definitions/domain.TurnoWithIds"
                        }
                    },
                    "400": {
                        "description": "Bad Request",
                        "schema": {
                            "$ref": "#/definitions/web.errorResponse"
                        }
                    },
                    "404": {
                        "description": "Not Found",
                        "schema": {
                            "$ref": "#/definitions/web.errorResponse"
                        }
                    }
                }
            },
            "delete": {
                "description": "Delete turno in repository",
                "produces": [
                    "application/json"
                ],
                "tags": [
                    "Turnos"
                ],
                "summary": "Delete turno",
                "parameters": [
                    {
                        "type": "integer",
                        "description": "Turno ID",
                        "name": "id",
                        "in": "path",
                        "required": true
                    },
                    {
                        "type": "string",
                        "description": "token",
                        "name": "token",
                        "in": "header",
                        "required": true
                    }
                ],
                "responses": {
                    "204": {
                        "description": "No Content"
                    },
                    "400": {
                        "description": "Bad Request",
                        "schema": {
                            "$ref": "#/definitions/web.errorResponse"
                        }
                    },
                    "404": {
                        "description": "Not Found",
                        "schema": {
                            "$ref": "#/definitions/web.errorResponse"
                        }
                    }
                }
            },
            "patch": {
                "description": "Modify turno fields in repository",
                "produces": [
                    "application/json"
                ],
                "tags": [
                    "Turnos"
                ],
                "summary": "Modify turno fields",
                "parameters": [
                    {
                        "type": "integer",
                        "description": "Turno ID",
                        "name": "id",
                        "in": "path",
                        "required": true
                    },
                    {
                        "type": "string",
                        "description": "token",
                        "name": "token",
                        "in": "header",
                        "required": true
                    },
                    {
                        "description": "RequestTurno",
                        "name": "body",
                        "in": "body",
                        "required": true,
                        "schema": {
                            "$ref": "#/definitions/domain.RequestTurno"
                        }
                    }
                ],
                "responses": {
                    "200": {
                        "description": "OK",
                        "schema": {
                            "$ref": "#/definitions/domain.TurnoWithIds"
                        }
                    },
                    "400": {
                        "description": "Bad Request",
                        "schema": {
                            "$ref": "#/definitions/web.errorResponse"
                        }
                    },
                    "404": {
                        "description": "Not Found",
                        "schema": {
                            "$ref": "#/definitions/web.errorResponse"
                        }
                    }
                }
            }
        }
    },
    "definitions": {
        "domain.Dentista": {
            "type": "object",
            "required": [
                "apellido",
                "matricula",
                "nombre"
            ],
            "properties": {
                "apellido": {
                    "type": "string"
                },
                "id": {
                    "type": "integer"
                },
                "matricula": {
                    "type": "string"
                },
                "nombre": {
                    "type": "string"
                }
            }
        },
        "domain.DentistaInTurno": {
            "type": "object",
            "properties": {
                "apellido": {
                    "type": "string"
                },
                "id": {
                    "type": "integer"
                },
                "matricula": {
                    "type": "string"
                },
                "nombre": {
                    "type": "string"
                }
            }
        },
        "domain.Paciente": {
            "type": "object",
            "required": [
                "apellido",
                "dni",
                "domicilio",
                "fecha_alta",
                "nombre"
            ],
            "properties": {
                "apellido": {
                    "type": "string"
                },
                "dni": {
                    "type": "integer"
                },
                "domicilio": {
                    "type": "string"
                },
                "fecha_alta": {
                    "type": "string"
                },
                "id": {
                    "type": "integer"
                },
                "nombre": {
                    "type": "string"
                }
            }
        },
        "domain.PacienteInTurno": {
            "type": "object",
            "properties": {
                "apellido": {
                    "type": "string"
                },
                "dni": {
                    "type": "integer"
                },
                "domicilio": {
                    "type": "string"
                },
                "fecha_alta": {
                    "type": "string"
                },
                "id": {
                    "type": "integer"
                },
                "nombre": {
                    "type": "string"
                }
            }
        },
        "domain.RequestDentista": {
            "type": "object",
            "properties": {
                "apellido": {
                    "type": "string"
                },
                "matricula": {
                    "type": "string"
                },
                "nombre": {
                    "type": "string"
                }
            }
        },
        "domain.RequestPaciente": {
            "type": "object",
            "properties": {
                "apellido": {
                    "type": "string"
                },
                "dni": {
                    "type": "integer"
                },
                "domicilio": {
                    "type": "string"
                },
                "fecha_alta": {
                    "type": "string"
                },
                "nombre": {
                    "type": "string"
                }
            }
        },
        "domain.RequestTurno": {
            "type": "object",
            "properties": {
                "dentista_id": {
                    "type": "integer"
                },
                "descripcion": {
                    "type": "string"
                },
                "fecha": {
                    "type": "string"
                },
                "hora": {
                    "type": "string"
                },
                "paciente_id": {
                    "type": "integer"
                }
            }
        },
        "domain.Turno": {
            "type": "object",
            "required": [
                "dentista",
                "descripcion",
                "fecha",
                "hora",
                "paciente"
            ],
            "properties": {
                "dentista": {
                    "$ref": "#/definitions/domain.DentistaInTurno"
                },
                "descripcion": {
                    "type": "string"
                },
                "fecha": {
                    "type": "string"
                },
                "hora": {
                    "type": "string"
                },
                "id": {
                    "type": "integer"
                },
                "paciente": {
                    "$ref": "#/definitions/domain.PacienteInTurno"
                }
            }
        },
        "domain.TurnoForDNIAndLicense": {
            "type": "object",
            "required": [
                "descripcion",
                "fecha",
                "hora"
            ],
            "properties": {
                "descripcion": {
                    "type": "string"
                },
                "fecha": {
                    "type": "string"
                },
                "hora": {
                    "type": "string"
                },
                "id": {
                    "type": "integer"
                }
            }
        },
        "domain.TurnoWithIds": {
            "type": "object",
            "required": [
                "dentista_id",
                "descripcion",
                "fecha",
                "hora",
                "paciente_id"
            ],
            "properties": {
                "dentista_id": {
                    "type": "integer"
                },
                "descripcion": {
                    "type": "string"
                },
                "fecha": {
                    "type": "string"
                },
                "hora": {
                    "type": "string"
                },
                "id": {
                    "type": "integer"
                },
                "paciente_id": {
                    "type": "integer"
                }
            }
        },
        "web.errorResponse": {
            "type": "object",
            "properties": {
                "code": {
                    "type": "string"
                },
                "message": {
                    "type": "string"
                },
                "status": {
                    "type": "integer"
                }
            }
        }
    }
}